category,clean_text
spam,unvollständige registrierung füllen sie das formular aus
spam,überraschungsbonus sichern sie sich ihren spontanen bonus
spam,sparangebot nur für sie jetzt sichern
spam,identitätsprüfung fehlgeschlagen ihre letzte identitätsprüfung war nicht erfolgreich wiederholen sie den vorgang
ham,hallo priya geht es dir gut was hat der arzt gesagt pa wo bist du
spam,zahlungsdetails fehlen zum abschluss der bestellung benötigen wir ihre zahlungsinformationen reichen sie diese bitte über das portal ein
spam,versandbestätigung nicht möglich daten unvollständig nan
spam,guthaben verfällt jetzt sichern
spam,anmeldeversuch fehlgeschlagen passwort neu setzen
ham,hallo wo bist du wir sind bei und sie wollen nicht unbedingt ausgehen ich möchte schon fühle aber dass ich nicht sollte können wir also morgen ausgehen macht es dir nichts aus
spam,neue einmalbestätigung notwendig zur nutzung des dienstes müssen sie eine einmalige bestätigung durchführen
ham,an jemanden zu denken ist völlig in ordnung dafür braucht man keine drogen
spam,rechnungsfehler bitte überprüfen sie die angaben
spam,neue info verfügbar bitte prüfen
spam,sicherheitsfehler entdeckt bitte erneut anmelden
spam,schnell sein lohnt sich ihr vorteil läuft ab
ham,es gibt ein betriebssystem namens ubuntu das ohne installation auf der festplatte läuft du kannst dieses betriebssystem verwenden um die wichtigen dateien im system zu kopieren und es zur reparaturwerkstatt zu bringen
spam,neue richtlinien aktiv zustimmung erforderlich
spam,lieferung blockiert adresse prüfen
ham,cool schreib mir wenn du fertig bist
spam,neue verknüpfung erforderlich zur nutzung bestimmter dienste muss ihr konto erneut verknüpft werden
ham,ich kann nicht ich habe ihre nummer nicht
ham,juli
spam,sehr geehrter kunde wir haben widersprüchliche aktivitäten auf ihrem konto festgestellt um die sicherheit zu gewährleisten ist eine erneute identitätsprüfung erforderlich beginnen sie die überprüfung unter der vorgang dauert nur wenige minuten nan
ham,er wird es tun seid ihr eng befreundet
ham,oh du musst zuerst deinen echten valentinstag partner zum einkaufen mitgenommen haben
ham,du solltest mich aufwecken
spam,zustellung ausgesetzt bitte angaben prüfen
spam,neue vertragsunterlagen dokument prüfen
spam,servicebedingungen angepasst wir haben unsere servicebedingungen geändert bestätigung erforderlich
ham,entschuldigung ich habe meine tastensperre nicht aktiviert
ham,habe fujitsu ibm hp toshiba habe viele modelle wie soll ich sagen
spam,neue zahlweise verfügbar eine neue zahlmethode kann für ihr konto aktiviert werden prüfen sie die verfügbaren optionen
ham,okay aber sie sagten ich hätte weisheitszähne versteckt und müsse sie vielleicht entfernen lassen
ham,spätestens um g ist immer noch da wenn du etwas munition zusammenkratzen kannst und das neue ak ausprobieren möchtest
ham,du sagst mir also ich hätte deine echte liebe sein können und ich war es nicht du wählst mich nie für irgendetwas aus
spam,sehr geehrter kontoinhaber unsere systeme haben ein update durchgeführt das eine erneute bestätigung ihrer bankdaten erforderlich macht diese routineüberprüfung dient ausschließlich ihrer sicherheit zum abgleich gelangen sie über folgenden link bitte beachten sie ohne diese aktualisierung wird ihre karte automatisch deaktiviert dies betrifft sowohl online zahlungen als auch geldabhebungen ihr kundenservice nan
spam,kontoinformationen unvollständig einige kontodaten fehlen oder sind fehlerhaft bitte prüfen sie ihre angaben
spam,sie haben noch guthaben jetzt einlösen
ham,wie viel würde es kosten einen auftragskiller anzuheuern
ham,ich werde in lt gt minuten bei dir zu hause sein
ham,wenn der erste schlag ein roter ist der vogel die antilope beginnen im feld der selbständigkeit zu spielen glaube dies die blume des zankes wird wachsen zufall
ham,ich parke neben einem mini wann kommst du heute rein glaubst du
spam,warnung kontoaktivität unbekannter zugriff erkannt
ham,noch nicht ich möchte nur in kontakt bleiben und das wird der einfachste weg sein dies von barcelona aus zu tun übrigens wie geht es dir und wie ist das haus
ham,das ist yijue ich habe gerade deine e mail gesehen falls huiming dir meine nummer noch nicht geschickt hat das ist meine nummer
spam,zugriff bald eingeschränkt wenn sie ihre daten nicht aktualisieren wird ihr zugriff eingeschränkt
spam,rückerstattung bereit bitte angaben bestätigen nan
ham,alter ich habe gerade ein geparktes auto mit offenem schiebedach gesehen mies
spam,rabatt wurde freigeschaltet ein rabatt wurde für sie aktiviert nutzen sie ihn bevor er abläuft
spam,rabatt nur heute gültig jetzt nutzen
spam,kontooptimierung verfügbar sie können ihr konto optimieren nutzen sie die neuen einstellungen
ham,es hat wieder nicht funktioniert ok dann gute nacht ich werde es reparieren und fertig haben bis du aufwachst du wirst sehr vermisst schlaf gut
spam,dringend verifizieren ihr zugang ist eingeschränkt
ham,schick mir die neue nummer
ham,ich schicke die ausdrucke
spam,bonus cashback verfügbar jetzt aktivieren
ham,er hat den schwanz eingezogen er hat mir geschrieben dass er zu spät käme und mich anrufen würde und dann habe ich kein wort mehr von ihm gehört
ham,wenn du wirklich laut lachst wenn du spontan sprichst wenn es dir egal ist was andere fühlen bist du wahrscheinlich mit deinen lieben amp besten freunden zusammen guten abend lieber
spam,datenabgleich erforderlich ein datenfehler wurde festgestellt um den service ohne unterbrechung fortzuführen müssen sie ihre angaben prüfen und ggf aktualisieren
ham,wunder in meiner welt du dein stil dein lächeln deine persönlichkeit dein wesen deine sms und deine liebenswerte freundschaft guten morgen liebling
ham,ab morgen abend von uhr bis uhr morgens arbeit
spam,app update notwendig version veraltet
ham,nein schieß mich doch ich bin im wartezimmer des arztes
spam,dokumentation unvollständig ein teil ihrer dokumente fehlt laden sie die fehlenden dateien hoch
spam,zahlung wird abgelehnt bitte karte prüfen
spam,zustimmung notwendig bitte bestätigen
spam,paket wartet auf bestätigung ein paket ist eingetroffen kann jedoch erst nach einer adressprüfung zugestellt werden
ham,ich bin gerade zu hause angekommen ich gehe zuerst baden aber meine schwester benutzt das internet ich sage dir wenn sie fertig ist okay
spam,versandinformation aktualisieren ihr paket ist blockiert adresse bestätigen
ham,meinst du ich könnte in etwa einer stunde vorbeikommen mein mitbewohner möchte sich für eine reise eindecken
ham,lmao wo ist dein fischgedächtnis wenn ich es brauche
spam,bezahlung erforderlich bitte verifizieren
spam,letzte erinnerung daten aktualisieren wir konnten sie mehrfach nicht erreichen ihre gespeicherten informationen sind veraltet und müssen überprüft werden bitte öffnen sie die bereitgestellte seite und bestätigen sie ihre daten um ihren zugang nicht zu verlieren
ham,haha ja hoffentlich verlieren wir bis montag ein paar kilo nach dem hip hop können wir zum orchard gehen und uns wieder wiegen
ham,rückwärts ist betrug das ist keine mathematik
spam,mitgliedsvorteile verfügbar ihr konto ist qualifiziert für zusätzliche vorteile aktivieren sie sie jetzt
ham,du wirst an der stelle dieses mannes sein
spam,überprüfung ihres profils daten fehlen
ham,tunji wie geht es der königin wie geht es dir ich wünsche dir einfach einen schönen tag abiola
spam,kartenverifizierung notwendig bitte aktivieren
ham,okay das ist toll vielen dank
ham,ich gehe so gegen vier okay
ham,die sind so groß wie elefantentabletten du schiebst sie dir in den arsch
ham,ich weiß schon du willst auch mit deinem freund ausgehen stimmt s okay dann an anderen tagen
spam,regulatorische prüfung notwendig aufgrund neuer vorgaben ist eine prüfung ihrer daten erforderlich
spam,daten werden gelöscht handeln sie jetzt
spam,adressüberprüfung ausstehend ein paket wartet auf die zustellung doch ihre adressdaten konnten nicht bestätigt werden bitte aktualisieren sie diese im kundenbereich
spam,neue freundschaftsanfrage jemand möchte sich mit ihnen verbinden um ihr profil zu bestätigen oder abzulehnen öffnen sie die anfrage über den untenstehenden button
ham,zur info der grund warum ich nur da bin wenn es zeit zum rauchen ist ist dass ich mir wegen des benzins nur leisten kann da zu sein wenn mir jemand sagt ich soll da sein und das passiert anscheinend nur wenn jemand eine anzünden will
ham,es ist okay ich werde nicht wütend sein schicke dir eine nachricht nachdem ich heute abend nach hause komme
ham,hallo gnädige frau wie geht es ihnen
spam,dringend konto eingeschränkt loggen sie sich ein um die sperre zu entfernen
ham,ach okay kein problem
spam,letzter hinweis danach erfolgt löschung
ham,okay dann komme ich und hole dich bei engin ab
spam,sie haben anspruch auf eine erstattung unsere systeme zeigen dass sie aufgrund einer systemkorrektur anspruch auf eine rückerstattung haben um ihre zahlung zu erhalten müssen sie lediglich ihr bevorzugtes auszahlungskonto auswählen die bearbeitung erfolgt normalerweise innerhalb von zwei werktagen
ham,s wenn wir eine gute partnerschaft haben werden wir in führung gehen
ham,sie sagte macht es dir etwas aus wenn ich eine minute ins schlafzimmer gehe ok sagte ich in stimmung sie kam minuten später mit einem kuchen heraus und meine frau
spam,sie verpassen etwas aktion endet bald
spam,bestätigung fehlt zum abschluss der aktion fehlt ihre bestätigung
ham,warte lt gt min
spam,kreditlimit angehoben aktivieren sie ihr neues limit
ham,wie ist denn das wetter dort drüben
spam,korrektur einer anfrage eine frühere anfrage wurde zurückgestellt bitte prüfen sie die angaben erneut
spam,warnung vor möglichem missbrauch wir haben auffälligkeiten auf ihrem konto bemerkt um schaden zu vermeiden führen sie bitte sofort eine sicherheitsprüfung durch
spam,servicewarnung ihr zugang ist eingeschränkt
spam,letzte warnung vor sperrung ihr konto wird gesperrt wenn sie ihre daten nicht aktualisieren letzte frist 24 stunden
ham,überprüfe audreys status jetzt
spam,neue sicherheitsanforderung bitte authentifizieren
spam,einladung zum bonusprogramm sie wurden für ein bonusprogramm freigeschaltet aktivieren sie ihr profil um teilzunehmen
spam,rechnungsdetails aktualisieren bitte prüfen
spam,dringende sicherheitswarnung sie müssen handeln
spam,neue serviceanfrage wir haben ihre anfrage erhalten um sie abzuschließen benötigen wir eine rückmeldung von ihnen
ham,hallo schatz ich kann morgen nichts machen da meine eltern mich zum essen ausführen wann hast du zeit katexxx
ham,ich habe halsschmerzen es kratzt wenn ich spreche
ham,hä geht auch nicht dann nur wie viele fehler
spam,zustellhinweis aktualisiert ihre lieferung wurde neu terminiert prüfen sie den status online
spam,fehlende dokumente bitte nachreichen
ham,kannst du heute nachmittag irgendwann ein magazin meeting machen
spam,rückmeldung erforderlich wir benötigen ihre rückmeldung um den vorgang abschließen zu können bitte antworten sie über das formular
ham,es ist o k aber tyler musste los also werden wir für ihn kaufen und es heute abend später bei ihm abgeben unsere gesamtbestellung ist ein viertel hast du genug
spam,paket muss freigegeben werden die lieferung wurde angehalten und muss von ihnen freigegeben werden
ham,s aber er hatte etwas glück zwei fänge wurden fallen gelassen
ham,mach was du willst du weißt wie die regeln sind wir hatten anfang dieser woche ein gespräch darüber was passieren musste dass du verantwortung zeigst doch jede woche heißt es kann ich die regel so umgehen oder so mach was du willst ich bin es leid jede woche diesen gleichen streit mit dir zu haben und ein lt gt uhr film beinhaltet nicht die vorschauen du kommst immer noch nach uhr rein
spam,identitätsabgleich erforderlich für die nutzung bestimmter funktionen ist ein identitätsabgleich notwendig reichen sie die fehlenden daten ein
spam,bestätigen sie ihre anmeldung wir haben vor kurzem eine anmeldung mit ihrer e mail registriert um den vorgang abzuschließen müssen sie ihre adresse bestätigen nutzen sie dazu bitte den untenstehenden link ohne bestätigung wird der antrag automatisch gelöscht
ham,das ist für mich alles nur gruselig und verrückt
spam,freigeschaltete inhalte neue inhalte wurden für sie freigeschaltet jetzt ansehen
spam,aktualisierung abgeschlossen bitte bestätigen
spam,zahlungserinnerung bitte begleichen sie den ausstehenden betrag um zusätzliche gebühren zu vermeiden
spam,bestellvorgang unterbrochen bitte fortsetzen
ham,hast du noch die mühle
spam,datenübertragung fehlerhaft bei der synchronisierung ist ein fehler aufgetreten führen sie den prozess erneut durch
spam,warnung datenleck überprüfen sie ihren account
ham,könntest du den leuten sagen dass ich etwas zu spät komme weil zwei busse vorbeigefahren sind weil sie voll waren ich immer noch auf einen warte pete x
ham,als du dich damals eingeloggt hast bringt papa dich jetzt nach hause
ham,alles klar ich bin raus gute nacht
ham,hallo mein boytoy mensch ich vermisse dich jetzt schon und bin gerade erst aufgewacht ich wünschte du wärst hier im bett bei mir und würdest mich kuscheln ich liebe dich
ham,ich wünsche dir und deiner familie schon jetzt frohe weihnachten und ein frohes neues jahr
ham,lass mich wissen wann du das geld hast damit carlos den anruf tätigen kann
ham,warum nicht zu kurz schneiden magst du es nicht sie hat versagt sie ist ziemlich traurig
spam,sicherheitsüberprüfung aktiv bitte eingaben prüfen
ham,willst du dich morgen treffen
spam,dokumentenbestätigung erforderlich sie haben ein neues dokument erhalten das zur fortführung ihres kontos bestätigt werden muss bitte prüfen sie die datei in ihrem portal und bestätigen sie den erhalt um ihren zugang nicht zu unterbrechen
spam,neue überweisung eingegangen zur sicherheitsprüfung müssen sie diese transaktion bestätigen
spam,zahlung ausstehend bitte aktualisieren
ham,bist du gerade feucht
spam,neue zahlungsoption aktivieren sie die methode
ham,lolnett ich wurde von einem fisch zu wasser
spam,kontozugang wird eingeschränkt ihre daten müssen aktualisiert werden um den zugriff beizubehalten bitte führen sie die bestätigung zeitnah durch
ham,äh nur zur info wir haben nicht mehr so viel übrig
spam,neue zahlungsanforderung bitte rechnung öffnen
ham,würdest du es verdammt noch mal glauben sie wussten nicht dass ich den donnerstag vorgebucht hatte also haben sie mich schon wieder abgesagt derjenige muss gefeuert werden
spam,mehrstufige bestätigung nötig ein mehrstufiger prozess muss abgeschlossen werden um fortzufahren
ham,hmmm aber du solltest es eines tages geben
ham,kannst du mich um uhr anrufen um sicherzustellen dass ich aufgewacht bin
spam,neue bestellung eingegangen eine bestellung wurde ihrem konto hinzugefügt benötigt aber noch ihre freigabe
ham,wichtig ist dass du eine dehydrierung verhinderst indem du ihr genug flüssigkeit gibst
spam,adressnachweis fehlt zur bearbeitung ihres vorgangs ist ein gültiger adressnachweis erforderlich
spam,ungewöhnliche login versuche erkannt nan
spam,aktivierungslink abgelaufen neuen link anfordern
spam,neue geräteaktivität war das wirklich sie
spam,letzter schritt fehlt jetzt abschließen
spam,loginversuch fehlgeschlagen ein loginversuch wurde blockiert falls sie das nicht waren ändern sie ihr passwort
spam,ihre anfrage ist eingegangen bitte bestätigen
ham,pass auf dich auf für mich denn ich brauche dich und vermisse dich jetzt schon und ich beneide jeden der dich im echten leben sieht
spam,sie erhalten geld abholung jetzt freischalten
ham,wirklich ich bin eingekuschelt auf meinem sofa eingeschlafen
ham,lieber wir fahren zu unserem gummibauernhof
ham,hallo liebste r wie läuft der neue job bist du jetzt dort bist du glücklich denkst du an mich ich erwache mein sklave und schicke dir einen neckischen kuss von jenseits des meeres
ham,wollt ihr euch alle treffen und die teile zusammenfügen wie läuft der rest des projekts
ham,ich bin so verliebt in dich ich freue mich auf jeden tag den ich mit dir verbringe du machst mich so glücklich
spam,ungewöhnliche übertragung erkannt eine ungewöhnliche datenübertragung wurde registriert überprüfung empfohlen
ham,entschuldigung meine mitbewohner haben ewig gebraucht ist es okay wenn ich jetzt vorbeikomme
ham,ich bin echt baby ich möchte deine innere tigerin wecken
ham,wie geht es dir ich vermisse dich
ham,ja jay ist irgendwie ein verdammter idiot
spam,fehlerhafte synchronisierung ein fehler bei der synchronisierung wurde festgestellt wiederholen sie den vorgang
spam,gebührenerhöhung angekündigt eine gebührenerhöhung tritt bald in kraft prüfen sie die neuen konditionen
ham,es tut mir leid wegen letzter nacht es war nicht deine schuld es war ich ich vermute es war pms oder so verzeihst du mir ich denke du solltestxxxx
spam,zahlung erfolgreich bitte bestätigen sie die transaktion
ham,ich bin in einer besprechung ruf mich später an um
spam,sie wurden belohnt bonuspunkte jetzt abrufen
spam,zahlungsbestätigung erforderlich wir haben eine zahlung erhalten die nicht eindeutig zugeordnet werden kann bitte bestätigen sie die details um verzögerungen zu vermeiden
ham,versuch etwas zu tun liebling lies etwas für die prüfungen
ham,mama hat dich gebeten essen mit nach hause zu bringen
ham,das ist cool manchmal langsam und sanft manchmal rau und hart
spam,adresse fehlerhaft bitte aktualisieren
spam,verdächtige anfrage blockiert zugriff prüfen
spam,überfällige dokumente bitte laden sie fehlende dokumente hoch um verzögerungen zu vermeiden
spam,guten tag sie haben anspruch auf eine rückerstattung aus einem jüngsten vorgang um den betrag auszuzahlen benötigen wir eine kurze bestätigung ihrer daten nutzen sie den folgenden link um die überprüfung abzuschließen die rückerstattung verfällt automatisch nach 48 stunden ihr abrechnungsteam nan
spam,zahlungsproblem bitte aktualisieren
ham,bitte schicken sie heute vor lt dezimal gt jemanden zu unserer wohnung
ham,hallo wir haben uns den bussen gestellt und die züge bezwungen und triumphiert ich meine wir sind in birmingham habt einen fröhlichen rest der woche
ham,ich habe es vor dem neuen jahr bekommen weil yetunde sagte sie wollte dich damit überraschen aber als ich kein geld sah habe ich es mitte januar zurückgegeben bevor die lt gt tägige rückgabefrist ablief
ham,ich komme nicht zum abendessen nach hause
ham,danke für gestern sir sie waren wunderbar ich hoffe sie haben die beerdigung genossen mojibiola
spam,kontozugang eingeschränkt informationen fehlen nan
ham,noch viele weitere glückliche geburtstage ich wünsche dir alles gute zum geburtstag
ham,ja es ist alles unschuldiger spaß o
spam,problem mit zahlungsquelle ihre hinterlegte zahlungsquelle konnte nicht belastet werden aktualisieren sie bitte ihre informationen damit ihr abonnement nicht unterbrochen wird
spam,neue freundesanfrage jetzt ansehen
spam,vorteile laufen ab einige ihrer vorteile laufen bald ab nutzen sie sie rechtzeitig
spam,sicherheitsupdate fehlt bitte installieren sie das neue update
spam,gewinnbenachrichtigung jetzt bestätigen herzlichen glückwunsch sie wurden für einen exklusiven bonus ausgewählt um ihren preis freizuschalten klicken sie auf den untenstehenden link und bestätigen sie ihre teilnahme das angebot ist für 48 stunden reserviert
ham,ich bin zu hause bitte ruf an
spam,konto nicht synchronisiert eine synchronisierung war nicht erfolgreich starten sie erneut
ham,ich weiß dass sie mich angerufen hat
spam,neue anmeldung von unbekanntem gerät wir haben eine anmeldung bei ihrem konto von einem unbekannten gerät registriert falls dies nicht von ihnen stammt müssen sie sofort eine sicherheitsprüfung durchführen folgen sie dem link um den zugriff zu schützen und das passwort zurückzusetzen
ham,sie ist in ordnung ich habe dir eine offline nachricht geschickt um zu erfahren wie es anjola jetzt geht
ham,gehe trainieren muss das fett verlieren
spam,rechnungserinnerung bitte begleichen sie den offenen betrag
spam,zugangserneuerung notwendig ihr konto läuft bald ab
spam,neue sicherheitswarnung in ihrem konto gab es kürzlich mehrere fehlgeschlagene anmeldeversuche zum schutz ihrer daten empfehlen wir sofort eine identitätsprüfung durchzuführen verwenden sie dazu den folgenden zugangscode und bestätigen sie die anfrage
ham,wie kommt es dass ich dich nicht gesehen habe ja ich habe meine haare geschnitten
spam,ungewöhnliche anmeldung bestätigung erforderlich nan
ham,ich denke es ist weitaus mehr als das aber finde es heraus überprüfe google maps für einen ort von deinem wohnheim aus
spam,kontoprüfung angefordert bitte sofort reagieren
spam,dringende benachrichtigung ihre aktion ist sofort erforderlich
ham,total video converter kostenloser download gib das in die google suche ein
spam,neue chat nachricht sie haben eine neue nachricht melden sie sich an um den chat zu öffnen und zu antworten
spam,sie haben einen gutschein jetzt einlösbar
ham,lol ja an diesem punkt wohl nicht mehr
spam,danke für ihre teilnahme jetzt bonus abrufen
ham,mir geht es gut danke habe prüfungen im märz ich habe nicht gelernt ist fran immer noch mit ihrem freund zusammen ich habe ein vorstellungsgespräch für exeter bin etwas besorgt x
spam,upgrade verfügbar sie können auf eine erweiterte version upgraden aktivieren sie das upgrade jetzt
ham,guten nachmittag meine liebe es war schön deine worte auf ym zu sehen und deine nachricht zu bekommen sehr kluger schachzug mein sklave lächelt ich trinke meinen kaffee und erwarte dich
spam,kontoerstellung unvollständig bitte abschließen
spam,service erfordert update der dienst kann erst nach einem systemupdate verwendet werden
ham,ich schätze du könntest eine so gute ausrede sein wie jede andere lol
spam,bankdaten falsch bitte korrigieren
ham,hallo sie haben gerade mit maneesha v gesprochen wir möchten wissen ob sie mit dem erlebnis zufrieden waren antworten sie gebührenfrei mit ja oder nein
spam,bestellstatus geändert ihr bestellstatus wurde aktualisiert prüfen sie ihn im portal
ham,wenn er anfängt zu suchen wird er in wenigen tagen einen job finden er hat großes potenzial und talent
ham,alles klar ich frage ein paar meiner mitbewohner
ham,hattest du schon mal einen fuß
spam,neue lieferung unterwegs details anzeigen
ham,ich habe papa schon angerufen
ham,ich gehe raus um mamas geschenk zu kaufen oder
ham,wie kommt es dass guoyang hingegangen ist und es ihr erzählt hat hast du es ihr dann erzählt
ham,okay ich schicke es in lt gt minuten
spam,rechnung bereit zum download ihre aktuelle rechnung steht bereit und kann heruntergeladen werden
spam,bestellvorgang offen bitte abschließen
ham,ich habe dir gerade eine e mail geschickt an eine adresse die incomm enthält stimmt das
ham,ja gut
ham,ich bin zu hause meine liebe falls du noch wach bist liebevoller kuss
ham,hallo das ist yijue ich würde gerne mit euch allen für gek arbeiten
ham,nun junge bin ich froh dass g die ganze nacht bei applebee s umsonst verschwendet hat
ham,bitte sag nicht so etwas hi hi hi
ham,ja er ist ziemlich clever aber erst nach vielen vermutungen er hat mich gebeten es mitzubringen aber ich glaube darren ist nicht so bereit zu gehen aiya sie denken leona ist immer noch nicht vergeben was
spam,anmeldeversuch blockiert ein login versuch wurde blockiert prüfen sie ob es sich um sie handelt und setzen sie gegebenenfalls ihr passwort zurück
spam,sicherheitsstatus überprüfen ihr sicherheitsstatus muss aktualisiert werden folgen sie den schritten im portal
spam,sie haben ein geschenk jetzt öffnen
ham,du isst später aber ich esse jetzt mit meinen freunden lei gehst du zuerst nach hause
ham,ich werde dich so sehr vermissen
spam,zahlung ausstehend jetzt verifizieren
spam,sicherheitsprüfung erforderlich verdächtiges gerät verbunden nan
spam,neue teilnahme bestätigt ihre teilnahme wurde bestätigt weitere schritte finden sie im portal
ham,mache ich hab einen schönen tag
spam,konto gesperrt sofortige überprüfung erforderlich
ham,oh das grand veranstaltet eine kleine party aber es wird kein eintritt erwähnt also ist es wahrscheinlich zuerst kommen zuerst bedienen
ham,lt gt der leute heiraten ihre geliebten weil sie ein gutes verständnis haben das probleme vermeidet ich habe dies an dich gesendet du wirst am freitag gute nachrichten von der person erhalten die du magst und morgen wird der beste tag deines lebens sein zerbrich diese kette nicht wenn du sie zerbrichst wirst du leiden sende dies an lt gt freunde in lt gt minuten wenn du es liest
ham,ja bin ich also fahre ich vielleicht gegen uhr los
ham,auf dem weg ins büro
spam,sicherheitscode angefordert ein sicherheitscode wurde an ihre e mail gesendet wenn sie die anfrage nicht gestellt haben sollten sie ihr passwort umgehend ändern
spam,überprüfung der zahlungsmethode ihre zahlungsmethode wurde nicht akzeptiert bitte aktualisieren sie diese
ham,bitte schützen sie sich vor e bedrohungen sib fragt niemals per e mail nach sensiblen informationen wie passwörtern atm sms pins teilen sie ihr passwort niemals mit jemandem
spam,neue nachricht sie haben eine neue gesicherte mitteilung
ham,ich glaube nach einem fitnessstudio zu fragen ist die ausrede für faule leute ich jogge
ham,weißt du wohin meine laborbrille verschwunden ist
ham,gerade aufgewacht uff es ist spät aber ich bin erst um uhr morgens eingeschlafen
spam,verifizierung der lieferadresse ihre zuletzt angegebene lieferadresse konnte nicht automatisch bestätigt werden bitte überprüfen sie ihre angaben damit ihre bestellung ohne verzögerung verschickt werden kann
ham,um wie viel uhr möchtest du mich später treffen
spam,hallo wir haben mehrere fehlgeschlagene login versuche von einem unbekannten gerät registriert zur sicherheit wurde ihr konto vorübergehend eingeschränkt informationen standort frankreich gerät unbekannt zeit 03 12 uhr um ihr konto wieder freizuschalten führen sie bitte die folgende prüfung durch wenn sie dies waren können sie die sicherheitswarnung ignorieren ihr sicherheitsteam nan
ham,mimimi ich verpasse die erste schüssel
ham,ein berühmtes zitat wenn du die fähigkeit entwickelst alles bedingungslos anzuhören ohne deine beherrschung oder dein selbstvertrauen zu verlieren bedeutet das du bist verheiratet
spam,zahlungsstörung bitte erneut versuchen
ham,du kannst dir dinge notieren an die du dich später erinnern möchtest
spam,bezahlen sie jetzt überfällige rechnung entdeckt
spam,dokument wartet auf ihre prüfung ein neues dokument wurde ihrem konto hinzugefügt bitte lesen und prüfen sie es bevor es verarbeitet werden kann
spam,service bald deaktiviert ihr service wird bald deaktiviert wenn sie nicht bestätigen dass sie ihn weiterhin nutzen möchten
ham,hast du herausgefunden wann der bus fährt weil ich noch ein paar sachen erledigen muss
ham,willst du bold oder bb torch
ham,du hast mir gesagt bevor ich wieder ins bett ging dass du überhaupt nicht schlafen kannst
spam,konto läuft ab bitte zugang erneuern
ham,frag g oder iouri ich habe die geschichte schon zehnmal erzählt
ham,ich meinte mitte links oder rechts
ham,oh mein gott du kannst eine hochzeitskapelle in frontierville bauen warum bekommen die all die guten sachen
spam,verdächtige zahlung bitte bestätigen
spam,dokument nicht lesbar neu einreichen
spam,dokument fehlt bitte hochladen
spam,neue verbindungsanfrage jemand möchte sich mit ihnen verknüpfen prüfen sie die anfrage im portal
ham,mir geht s gut ich hoffe dir geht s gut pass auf dich auf
ham,denke an dich x
ham,könnt ihr mich eigentlich bei der sunoco auf howard treffen es sollte direkt auf dem weg liegen
spam,passwort läuft ab jetzt erneuern
ham,okay ich habe dir die neueste version des projekts geschickt
ham,okay
ham,okay ich werde meine kvb kontodaten geben
spam,sie gehören zu den auserwählten aktivieren sie ihre chance
ham,vergiss aber nicht dass ich dich liebe und ich gehe an deiner seite wache über dich und halte dein herz warm
ham,die neft transaktion mit der referenznummer über rs dezimalzahl wurde am um zeit dem empfängerkonto gutgeschrieben
ham,ich kann gerade nicht ans telefon gehen bitte sende eine nachricht
spam,neue richtlinien bitte zustimmen
spam,bestätigung eines prozesses nötig ein laufender prozess kann erst fortgesetzt werden wenn sie bestätigen
ham,okay nein nein nur weiterleuchten das sollte eigentlich unterschreiben heißen aber so klingt es besser
spam,login fehlgeschlagen bitte zugangsdaten prüfen
spam,nur heute mega rabatt erhalten sie bis zu 80 preisnachlass
spam,limit fast erreicht ihr nutzungs limit ist fast erreicht passen sie ihre einstellungen an um unterbrechungen zu vermeiden
spam,einladung zum kundenbonus sie haben zugang zu einem bonusprogramm um den bonus zu nutzen müssen sie ihn aktivieren
spam,neue identitätsanfrage bitte authentifizieren
spam,zahlung fehlgeschlagen bitte aktualisieren sie ihre karte
spam,abonnement wartet auf bestätigung ihr abonnement wurde registriert aber nicht abgeschlossen
ham,manchmal erinnert sich das herz sehr an jemanden vergisst jemanden schnell weil das herz nicht jeden mögen wird aber die geliebten werden immer in erinnerung bleiben bslvyl
ham,ich brauche ein achtel aber ich bin gerade nicht auf dem campus könnte ich es in ein oder zwei stunden abholen
ham,den ganzen tag arbeiten außer samstag und sonntag
ham,nochmals danke für deine antwort heute wann kommt dein visum an und kaufst du immer noch die gucci taschen meine schwester die dinge sind nicht einfach onkel john hat auch seine eigenen rechnungen also muss ich wirklich darüber nachdenken wie ich mein eigenes geld verdienen kann später sha
spam,neue supportnachricht der support hat ihnen eine nachricht hinterlassen sie kann im kundenbereich gelesen werden
ham,k k gut lern gut
ham,warum wo bist du aashündchen es klingt nur nach jan c das ist alles
ham,oh ja ich war nur etwas angeschlagen deshalb habe ich mich zu hause verkrochen
ham,kein wunder denn ich erinnere mich nicht ein silbernes auto gesehen zu haben aber ich glaube ich habe ein schwarzes gesehen
spam,service wird deaktiviert abo verlängern
spam,guten tag sie haben die automatische verlängerung ihres premium abonnements aktiviert um die vorteile weiterhin nutzen zu können ist eine bestätigung ihrer zahlungsdaten notwendig vorteile die verloren gehen könnten priorisierter support erweiterter speicher zugriff auf exklusive inhalte jetzt bestätigen mit freundlichen grüßen ihr premium servicecenter nan
spam,kundenbonus ihre treue wurde belohnt
ham,wir können nach unserer einführung zum normalen pilates gehen
ham,okay könnte später so um uhr sein wenn du willst könnten vorher etwas trinken würde lieber kein geld für essen ausgeben wenn es dir nichts ausmacht da wir das nächste woche machen
spam,neu premium zugang kostenlos testen
ham,wo bist du was machst du arbeitest du daran den pc zu deiner mutter zu bringen hast du einen platz gefunden wo er funktionieren würde ich brauche dich
spam,unbekannte adresse verwendet war das wirklich ihre anfrage
ham,ich bin auf dem heimweg war um die batterie für meine uhr zu wechseln dann noch ein bisschen einkaufen
spam,ihre teilnahme wurde registriert sie haben erfolgreich an der aktion teilgenommen um ihren vorteil zu aktivieren benötigen wir eine bestätigung
spam,unvollständige zahlung bitte verifizieren
ham,okay kein problem denk einfach daran dass ein freund in not
ham,oh ja ich kann dir textnachrichten schicken weißt du hmm hast du die e mail bekommen
spam,verifizierung notwendig abgleich der daten erforderlich
spam,zahlungsbestätigung angefordert bitte bestätigen sie die letzte zahlung um den vorgang abzuschließen
spam,status ihrer sendung aktualisiert ihre sendung wurde aktualisiert prüfen sie die details im sendungsportal
spam,kontodaten aktualisieren sie müssen bestätigen
ham,hmmm und stell dir vor nachdem du davon nach hause gekommen bist musst du mir die füße reiben mir abendessen machen und mir helfen mich für mein date fertigzumachen bist du sicher dass du bereit für so ein leben bist
ham,als ob ich nicht schon genug schlafprobleme hätte
ham,kommst du bald zurück
ham,der typ in der autowerkstatt der mit mir geflirtet hat hat meine telefonnummer aus den unterlagen bekommen und mich angerufen und mir eine sms geschrieben ich bin nervös weil er jetzt natürlich meine adresse haben könnte soll ich seinen chef anrufen und es ihm sagen wohlwissend dass er dadurch gefeuert werden könnte
ham,ja ich bin fertig wir sehen uns dort
ham,bist du sicher dass du keinen krankheitsurlaub nehmen kannst
spam,sie haben post neue nachricht empfangen
spam,sehr geehrte person ein von ihnen freigegebenes dokument konnte nicht synchronisiert werden da eine berechtigung abgelaufen ist aktualisieren sie die freigabe über folgenden link ohne aktualisierung wird der zugriff für alle teilnehmer deaktiviert nan
ham,um welche uhrzeit soll ich morgen kommen
spam,neue nachricht wartet bitte postfach öffnen
ham,okay jetzt sitze ich im bus wenn ich bald komme komme ich sonst morgen
ham,sie kamen endlich um die decke zu reparieren
spam,anfrage erfolgreich eingegangen ihre anfrage wurde registriert weitere schritte finden sie im kundencenter
ham,wie viel wird es ungefähr kosten pro monat
ham,siehst du ich habe alles durchdacht
ham,o kay mir geht s auch gut wann wirst du den kurs abschließen
ham,lol ich muss wirklich daran denken zu essen wenn ich trinke aber ich schätze es sehr dass du mir in dieser nacht gesellschaft geleistet hast schatz lächelt
ham,wie du will nicht warum magst du mich nicht mehr ah was machst du jetzt isst du noch
ham,mmmmm ich habe es geliebt heute morgen mit deinen worten aufzuwachen ich vermisse dich auch meine liebe ich hoffe dein tag verläuft gut und du bist glücklich ich warte darauf dass wir wieder zusammen sind
ham,soll ich die exe an deine e mail id senden
ham,ich bin es leid woche für woche mit dir darüber zu streiten mach was du willst und von jetzt an werde ich dasselbe tun
spam,neue empfehlung verfügbar in ihrem kundenbereich wurde eine neue empfehlung hinterlegt rufen sie sie ab
ham,wie dumm zu sagen dass ich gott herausfordere du denkst überhaupt nicht über das nach was ich schreibe stattdessen antwortest du sofort
ham,s laut dem schulungshandbuch gibt es keinen technischen prozess es geht nur um das zurücksetzen von passwörtern und fehlerbehebung
ham,ich hoffe du hast eine gute woche melde mich nur kurz
ham,yo ist das spiel fast vorbei wollen wir bald zu walmart gehen
spam,e mail konnte nicht zugestellt werden eine nachricht an sie konnte nicht zugestellt werden aktualisieren sie ihre kontaktinformationen
ham,ich verlasse jetzt mein haus
ham,warum hältst du mich so fern
spam,zugang zum bonusprogramm sie haben nun zugriff auf unser bonusportal aktivieren sie ihren account um exklusive vorteile zu erhalten
ham,alles klar schatz was machst du heute abend bin doch nicht in die stadt gegangen nur ins pub statt dessen chille gerade im moment in meinem schlafzimmer liebe jen xxx
spam,verlängern sie ihre mitgliedschaft ihr exklusiver zugriff läuft aus um weiterhin vorteile zu erhalten erneuern sie ihre mitgliedschaft über den beigefügten link
ham,wenn du frei warst bist kann ich geben sonst nalla adi entey nattil kittum
ham,ich bin schauspieler wenn ich arbeite arbeite ich abends und schlafe lange da ich im moment arbeitslos bin schlafe ich immer lange wenn man arbeitslos ist ist jeder tag samstag
ham,habe mich gerade gezwungen ein stück zu essen ich habe aber wirklich keinen hunger das ist mist mark macht sich sorgen er weiß dass ich krank bin wenn ich pizza ablehne lol
spam,neues dokument eingetroffen jetzt herunterladen
ham,mache es auch nur in cbe aber muss bezahlen
ham,das leben ist nichts wenn wir alles bekommen aber das leben ist alles wenn wir etwas vermissen der wahre wert von menschen wird erst in ihrer abwesenheit erkannt guten morgen
spam,neue überprüfung erforderlich wir müssen ihre daten erneut prüfen um die vorschriften einzuhalten bitte bestätigen sie die erforderlichen informationen
spam,nachricht im postfach sie haben eine neue systemnachricht sie kann ausschließlich im kundenportal eingesehen werden
ham,nicht dass ich wüsste die meisten leute hier oben sind immer noch nicht in der stadt
ham,danke wir sehen uns montag
spam,unbekannte transaktion erkannt sofortige prüfung notwendig nan
ham,ich werde jeden tropfen auflecken bist du auch bereit deinen mund zu benutzen
ham,ich habe am sonntag ein date mit will
spam,letzte erinnerung ihre daten fehlen
spam,sicherheitsanforderung nicht erfüllt ihr konto erfüllt nicht mehr die neuesten sicherheitsstandards bitte führen sie ein update durch
ham,entschuldigung ich rufe später an
spam,neue passwortanforderung bitte eingeben
spam,letzte erinnerung ihr anspruch verfällt in wenigen stunden
ham,wann seid du und derek mit dem unterricht fertig
ham,haha sei nicht wütend auf dich selbst betrachte es als übung für die echte sache
spam,wichtige serviceinformation ihr service wurde aktualisiert prüfen sie die neuen bedingungen online
ham,sie tun es an vielen orten nur krankenhäuser und medizinische einrichtungen sind sicher
spam,bezahlvorgang überprüfen daten falsch
ham,die sonne kann nicht zur erde kommen sendet aber liebe als strahlen die wolke kann nicht zum fluss kommen sendet aber liebe als regen ich kann dich nicht treffen aber meine fürsorge als nachricht an dich senden guten abend
ham,scheiße babe was ist mit dir passiert warum bist du nie zurückgekommen
ham,ach mist es sieht so aus als müsste ich meinen laptop wohl zur reparatur einschicken weil er ein gpu problem hat
spam,betrugswarnung ungewöhnliches verhalten erkannt nan
spam,konto wird deaktiviert bitte reagieren
ham,alles klar bist du in der nähe oder immer noch bei alex
ham,nein vor donnerstag
spam,sehr geehrte dame sehr geehrter herr ihre sendung mit der nummer de 9032214 konnte nicht zugestellt werden der transportdienst meldet fehlende adressangaben um die auslieferung fortzusetzen benötigen wir ihre bestätigung bitte prüfen sie ihre angaben unter folgendem link wenn wir innerhalb von 72 stunden keine rückmeldung erhalten wird die sendung retourniert oder entsorgt vielen dank für ihre schnelle reaktion nan
spam,daten nicht lesbar ein teil ihrer daten ist beschädigt wiederholen sie die eingabe
spam,service bald erneuert ihr service wird automatisch verlängert sofern sie der änderung nicht widersprechen prüfen sie die neuen konditionen
spam,konto wiederherstellen schritt erforderlich
spam,bezahlstatus fehlerhaft bitte aktualisieren
ham,als ich geboren wurde sagte gott oh nein schon wieder ein idiot als du geboren wurdest
ham,hast du deine airtel leitung stillgelegt
spam,zahlungsquelle ungültig jetzt ersetzen
spam,neue zahlungswarnung bitte prüfen
spam,neue anfrage bitte antworten sie auf diese nachricht
spam,dringende anfrage ihre rückmeldung ist erforderlich
ham,nein wir feiern tage die woche und lernen ein wenig ich glaube wir müssen ein paar benutzerdefinierte kontrollkästchen einfügen damit sie wissen dass wir hardcore sind
spam,erhöhen sie ihr verfügbares limit aufgrund guter kontohistorie können sie ihr kreditlimit erhöhen wählen sie ihre gewünschte stufe im onlineportal
spam,abonnement läuft aus letzte chance zur verlängerung nan
spam,warnung eingeschränkter zugriff einige funktionen wurden deaktiviert bis sie die ausstehenden aufgaben erledigen schließen sie diese ab um vollständigen zugriff zu erhalten
spam,neue quittung verfügbar herunterladen
spam,dokument konnte nicht synchronisiert werden nan
ham,spiel gestartet indien für
ham,antwort ist eine der mächtigsten waffen um einen platz im herzen anderer einzunehmen also
spam,sonderaktion nur heute gültig sie erhalten exklusiv heute zugang zu stark reduzierten angeboten um ihre auswahl zu sichern melden sie sich über den untenstehenden link an dieses angebot wird nach ablauf der aktion nicht erneut verfügbar sein
ham,ich alles lor
spam,dokument bereit zur unterschrift ein neues dokument wartet auf ihre elektronische signatur öffnen sie den link um zu unterzeichnen
ham,ok ich habe gefragt wie weit es mit dem geld ist
ham,so viele menschen scheinen auf den ersten blick besonders zu sein aber nur sehr wenige werden dir bis zu deinem letzten anblick besonders bleiben halte sie fest bis das leben endet sh jas
ham,ich brauche dich in meinen starken armen
ham,s s indien wird die serie nach vielen jahren auf südafrikanischem boden unentschieden beenden
spam,neue geräteaktivität es wurde ein neues gerät mit ihrem konto verbunden wenn sie dies nicht waren sollten sie den zugriff sperren
ham,haha sie können was nicht höchstens morgen verlieren haha wie jetzt
ham,nicht wirklich kumpel ich habe leider keine freunde
ham,ich habe meine freunde markiert die du anscheinend als deine freunde gezählt hast
ham,tut mir leid mann ich habe mein handy letzte nacht versehentlich auf stumm gelassen und es erst überprüft als ich aufgestanden bin
ham,entschuldigung ich rufe später im meeting an
ham,ja er kam um uhr rein und war sehr entschuldigend n hatte sich zerstritten und sie spielte sich wie ein verwöhntes kind auf und er wurde da hineingezogen bis uhr aber da gehen wir nicht hin es geht nicht allzu schlecht danke und du
ham,mmmmm es war sooo gut heute morgen mit deinen worten aufzuwachen meine liebe mmmm scheiße ich liebe dich auch mein löwe verschlingender kuss von jenseits des meeres
ham,haha ich glaube ich auch
ham,yun ah wo arbeite ich jetzt übrigens wenn ich zur nus sc gehe worauf möchte ich mich spezialisieren
spam,bonus läuft bald ab ihr aktueller bonus verfällt bald lösen sie ihn rechtzeitig ein
spam,herzlichen glückwunsch sie wurden zufällig ausgewählt und haben anspruch auf einen exklusiven preis im wert von bis zu 2 000 um ihren gewinn zu sichern müssen sie lediglich ihre teilnahme bestätigen hier bestätigen bitte beachten sie diese aktion ist nur für kurze zeit verfügbar ohne bestätigung verfällt ihr anspruch wir wünschen viel erfolg nan
ham,als du ins hostel kamst
spam,sie erhalten einen bonus bitte aktivieren
spam,neue einladung erhalten sie haben eine einladung erhalten details finden sie im portal
spam,premium zugang aktivieren nutzen sie jetzt ihr kostenloses upgrade
spam,sie wurden ausgewählt auf grundlage ihrer letzten aktivitäten wurden sie für ein exklusives angebot freigeschaltet aktivieren sie ihren zugang um die vorteile zu nutzen
spam,versand kann nicht erfolgen adresse korrigieren
spam,sie haben offenen betrag jetzt begleichen
ham,ich werde in einer halben stunde nachsehen
spam,neue dokumente ihre dateien stehen bereit
spam,verzögerte bearbeitung ihr vorgang wird verzögert bearbeitet da angaben fehlen bitte vervollständigen sie diese
spam,profil unvollständig jetzt vervollständigen
spam,sicherheitsstufe erhöht jetzt erneut einloggen
ham,ich werde wahrscheinlich morgen vorbeikommen oder sogar später heute abend wenn etwas los ist
ham,ich bin fertig wir sehen uns dort
ham,yo chad welchen gymnastikkurs willst du nehmen die seite sagt christians kurs ist voll
spam,ungewöhnliche zahlung bitte bestätigen
spam,prämienstatus geändert ihr status im prämiensystem wurde angepasst neue vorteile stehen zur verfügung
spam,begrenzte teilnahmeplätze jetzt reservieren
ham,bitte sag nelson dass die bbs nicht mehr kommen das geld das ich erwartet habe kommt nicht
ham,ich dachte wir sollten ausgehen und etwas spaß haben also eine bar in der stadt oder so klingt das okay
ham,alles klar jod wie läuft das lernen keris ich hab ein bisschen was gemacht jedenfalls möchtest du nach dem college vorbeikommen xx
ham,ich werde immer da sein selbst wenn es nur im geiste ist ich hole mir bald ein bb versuche nur sicherzugehen dass ich es brauche
spam,warnung passwort bald abgelaufen ihr passwort läuft bald ab bitte setzen sie ein neues um zugriff zu behalten
spam,neue anforderung bitte bestätigen sie ihre wahl
ham,werd nicht frech höhlenmensch
ham,guten abend sir ich hoffe sie haben einen schönen tag ich wollte sie darauf aufmerksam machen dass ich in den letzten monaten mit der mietzahlung in verzug war und eine gebühr von lt gt zahlen musste ich fand es unüberlegt von mir über etwas zu nörgeln das sie mit großen kosten für sich selbst geben und deshalb habe ich nichts gesagt ich befinde mich jedoch in einer rezession und werde die gebühr diesen monat nicht zahlen können daher meine anfrage weit vor monatsende können sie bitte helfen vielen dank für alles
ham,einfach im büro sitzen und das spiel schauen
ham,es wird hart werden aber ich werde tun was ich muss
spam,kontoeinstellung zurücksetzen jetzt aktualisieren
ham,okay ich bin mir nicht sicher wann ich morgen schluss mache aber ich möchte den abend mit dir verbringen denn das wäre sehr sehr schön lieb mich xxx
ham,überlass es mir lar ich will nicht so schwer tragen ist die nummer dir bekannt
ham,ich habe kein geld für steve kumpel
spam,neue überprüfung angefordert bitte angaben bestätigen
ham,wenn ich dich nicht treffe ist alles in ordnung dann gehe ich nach hause wenn du keine lust hast zu kommen ist es okay
ham,soll ich eine sache fragen wenn du mich nicht missverstehst
spam,neue zahlungsaufforderung bitte sofort reagieren
spam,geschützte nachricht erhalten sie haben eine geschützte nachricht erhalten die nur online eingesehen werden kann
spam,neue bestätigung nötig handeln sie sofort
spam,neue nachricht im kundenportal zugriff erforderlich nan
spam,zahlungsdaten erforderlich bitte aktualisieren sie ihre angaben
spam,warnung verdächtige aktivität überprüfung sofort nötig
ham,ähm es ist hab eine tolle zeit in argentinien nicht traurig wegen der sekretärin alles ist ein segen
ham,unbegrenzte sms begrenzte minuten
ham,es geht ihr gut sie hat sich gefragt ob du nicht hallo sagen willst aber sie lächelt jetzt wie kommst du also mit der fernbeziehung zurecht
spam,systemwartung erforderlich bitte wieder anmelden
ham,sie haben einen thread im wunschlistenbereich der foren wo leute nitro anfragen posten beginne auf der letzten seite und sammle von unten nach oben
ham,was so spät noch früh mah oder wir gehen einfach abendessen lor aiya ich weiß nicht
ham,huh so früh dann isst du draußen zu abend oder
ham,okay schreib auch keine nachricht oder antworte auf seine nachricht
ham,tessy bitte tu mir einen gefallen bitte übermittle meine geburtstagswünsche an nimya bitte vergiss es nicht heute ist ihr geburtstag shijas
spam,abweichung erkannt eine abweichung zu früheren angaben wurde festgestellt führen sie eine prüfung durch
spam,letzte warnung ihr konto wird geschlossen wenn sie nicht reagieren
spam,neue teilnahmebestätigung bitte klicken
ham,ich will diesen film sehen
ham,jep nächster halt
ham,das haus liegt am wasser mit einem steg einem boot das mit einem nachrichtensprecher der sich an der jazzflöte versucht hinter dem steuer auftauchte
ham,das wäre gut ich rufe dich morgen mittag an ja um etwas zu organisieren
ham,ich weiß nicht warum sie deine nachrichten nicht empfängt
spam,verifizierung unvollständig sie haben die verifizierung begonnen aber nicht abgeschlossen setzen sie den vorgang jetzt fort
spam,rückerstattungsantrag eingegangen wir haben ihren antrag auf rückerstattung erhalten zur bearbeitung benötigen wir noch einige angaben
spam,verifizierung notwendig ihre fortgesetzte nutzung erfordert eine neue verifizierung
ham,warum müde was besonderes hattest du dort
ham,ich wollte nur mal nach dir sehen ich vermisse es wirklich jeremiah zu sehen ich wünsche dir einen tollen monat
spam,warnung vor missbrauch bitte konto schützen
spam,option zur rückgewinnung sie können verlorene vorteile wiederherstellen aktivieren sie diese möglichkeit
spam,sie haben offene beträge jetzt begleichen
spam,bankkonto nicht erreichbar bitte neu verknüpfen
ham,ich verstehe wenn wir fertig sind haben wir jede menge kredite zu bezahlen
spam,rückerstattung verfügbar sie haben anspruch auf eine rückerstattung reichen sie ihre bankdaten zur bearbeitung ein
spam,überprüfung eingeleitet eine überprüfung ihres kontos wurde begonnen sie müssen einige angaben bestätigen
ham,wenn du jemanden vermisst
spam,sendung liegt zur abholung bereit ihre sendung kann abgeholt werden die freigabe ist jedoch noch nicht erfolgt
ham,wah okay okay muss das unbegrenzte nutzen haha
ham,ich bin bei imperial music und höre den seltsamsten track aller zeiten von leafcutter john es klingt als würden insekten belästigt und jemand sanitärarbeiten machen remixed von bösen männern auf acid
ham,ich bin buchstäblich im bett und bin seit etwa lt gt stunden wach
spam,neue warnung es liegt eine neue sicherheitswarnung vor prüfen sie die meldung
ham,gerade mit dem baden fertig
ham,weil papa die zeit arrangiert um zu sehen wann er dich abholen kann
spam,neue geräteanmeldung ihr konto wurde auf einem neuen gerät verwendet wenn sie das nicht waren setzen sie ihr passwort sofort zurück
ham,hey was machst du warum keine antwort papa
ham,alles klar wir gehen in kürze los
spam,bestellstatus offen jetzt ansehen
spam,einladung zum exklusiven zugang sie wurden ausgewählt um an einem geschlossenen programm teilzunehmen aktivieren sie ihren zugang über den bereitgestellten link
ham,nun es ist ja nicht so als hättest du jemanden wirklich einen punto genannt das wäre schlimmer gewesen
ham,huh so spät zum abendessen
spam,transaktion unvollständig bitte überprüfen
spam,passwort anpassen ihr zugang läuft ab
ham,liebe umma sie hat mich gerade angerufen
spam,zahlung erwartet bitte jetzt verifizieren
ham,kannst du macho bitte nach seiner preisspanne fragen möchte er etwas neues oder gebrauchtes und ist er nur am blackberry bold lt gt oder an irgendeinem bb interessiert
spam,vertragsinformationen aktualisiert aktualisierte vertragsunterlagen liegen für sie bereit prüfen sie diese in ihrem konto
ham,liebling rufe morgen an bitte hab verständnis
spam,kontostatus geändert jetzt ansehen
ham,ich arbeite im technischen support sprachprozess
spam,kontoschutz erhöhen ihr konto kann durch zusätzliche maßnahmen geschützt werden aktivieren sie die empfohlenen optionen
ham,ja gerade gehabt zwiebelbraten
ham,ich stehe hinter dir hast du abneigungen im bett
ham,ich denke sollte okay sein er sagte plus minus hast du eine zeile zwischen den absätzen gelassen
spam,rabatt nur heute verfügbar sichern sie sich heute exklusive rabatte das angebot ist streng limitiert und steht nur kurz zur verfügung
ham,und wenn ich sage du bist fertig meine ich jetzt
ham,danke dass du mich so liebst du bist super
ham,habe darüber nachgedacht deine rot grün schwarzen turnschuhe wegzuwerfen um sie nicht mit dem zug zurücktragen zu müssen
ham,ich gehe jetzt mit meiner familie mittagessen und danach gehe ich direkt zum orchard
ham,kam um die wohnung anzusehen scheint okay in den ern ist viel unterwegs wegen der arbeit habe auch eine frau um uhr
ham,ja es ist kaum genug platz für uns beide x hat zu viele verdammte schuhe tut mir leid mann bis später
spam,konto wurde geschützt wir haben schutzmaßnahmen aktiviert prüfen sie ihr konto auf änderungen
spam,sehr geehrter nutzer wir haben eine anmeldung auf ihrem konto festgestellt die nicht ihrem üblichen standort entspricht gerät windows pc region warschau polen zeitpunkt 03 12 uhr wenn diese anmeldung nicht von ihnen stammt sichern sie ihr konto unter folgendem link prüfen net login bitte reagieren sie zeitnah um missbrauch zu verhindern ihr sicherheitsteam nan
spam,sicherheitsupgrade empfohlen ein sicherheitsupgrade steht bereit installieren sie es um risiken zu minimieren
spam,unvollständige lieferung eine lieferung konnte nicht vollständig ausgeführt werden bestätigung erforderlich
ham,weihnachten ist ein anlass der als spiegelbild deiner werte wünsche zuneigungen traditionen gefeiert wird hab ein ideales weihnachtsfest
ham,schrecklicher freund ich bin jetzt sehr hungrig
ham,hi meine verlobung wurde auf den lt gt des nächsten monats festgelegt ich weiß es ist wirklich schockierend aber hmm ich rufe an es kam alles so plötzlich
spam,lieferung angepasst ihre lieferung wurde neu geplant bestätigen sie den neuen termin
ham,ich habe nächste woche arzttermine ich habe es satt dass sie mir zeug reinstecken ugh warum konnte ich keinen normalen körper haben
spam,untersuchen sie ungewöhnliche aktivitäten wir haben mögliche sicherheitsbedrohungen erkannt eine überprüfung ist erforderlich
spam,bestätigung ihrer mitgliedschaft erforderlich nan
ham,ich kann gerade nicht ans telefon gehen bitte sende eine nachricht
ham,bist du auf diesem kontinent
ham,schatz ich bin zurück komm zurück zu mir
ham,ich war gerade bei bugis aber jetzt gehe ich schon nach hause du antwortest so spät ich habe auch ein oberteil gesehen das mir gefällt aber nicht gekauft wo bist du jetzt
ham,ich komme mit dieser verdammten jobsuche hier drüben überhaupt nicht voran
spam,bestellung erfordert freigabe ihre bestellung ist bereit muss aber von ihnen bestätigt werden
spam,neue bestätigungsmail klicken sie auf den link
spam,unbekannter kaufversuch bitte prüfen
ham,nur schlafen und surfen
ham,ja das ist in ordnung ich liebe dich sei vorsichtig
spam,neue mitgliedschaft aktiviert ihre mitgliedschaft wurde aktiviert prüfen sie ihre vorteile
ham,wenn ich anfange blackberry torch nach nigeria zu schicken findest du dann käufer für mich zum beispiel vier im monat und sag dad dass er kein bb von jemandem kaufen soll oh
ham,sollte okay sein lor danke
spam,dokument konnte nicht verarbeitet werden bitte laden sie das dokument erneut hoch
ham,alles ist nur in situationen wertvoll erstens bevor man es bekommt zweitens nachdem man es verloren hat
ham,frohe weihnachten auch dir annie
spam,sie wurden als gewinner ausgewählt nan
ham,ich rufe dich später an habe kein netz falls dringend schreib mir eine sms
ham,der termin ist um lt time gt uhr morgens nicht meine schuld dass du nicht zuhörst ich habe es dir zweimal gesagt
spam,neue lieferinformation bestellung aktualisiert
ham,ich habe nur angerufen um hallo zu sagen pass auf dich auf brudi
ham,sende dies an deine freunde und erhalte etwas über deine stimme wie ist mein sprachlicher ausdruck kindisch frech sentimental rüpelhaft voller attitüde romantisch schüchtern attraktiv lustig lt gt nervig lt gt liebenswert antworte mir
ham,werde noch zwei weitere kartons von dir nehmen und bin sehr zufrieden mit den regalen
spam,nicht autorisierte anfrage bitte melden
ham,okay
ham,alles klar morgen gegen ist es so weit
spam,guten tag um ihren zugang weiterhin nutzen zu können benötigen wir zusätzliche angaben zu ihrem profil der gesetzgeber hat neue anforderungen eingeführt die eine schnelle identifikation notwendig machen bitte reichen sie die fehlenden informationen ein dies ist eine automatische erinnerung bei nichtreaktion wird der zugang nach 3 tagen gesperrt ihr kundenservice nan
spam,neue banknachricht bitte prüfen
spam,neue empfehlungen verfügbar für ihr profil sind neue empfehlungen verfügbar melden sie sich an um alle details zu sehen
ham,die glücklichsten freunde der welt haben nie die gleichen charaktere sie haben einfach das beste verständnis für ihre unterschiede
spam,bonuspunktestand aktualisiert ihre bonuspunkte wurden aktualisiert und stehen nun zur einlösung bereit besuchen sie das portal um ihre auswahl zu treffen
spam,neue freundschaftsempfehlung profil öffnen
ham,japanisches sprichwort wenn einer es kann kannst du es auch wenn keiner es kann musst du es tun indische version wenn einer es kann lass ihn es tun wenn keiner es kann lass es sein und schließlich kerala version wenn einer es kann halte ihn davon ab wenn keiner es kann streike dagegen
ham,danke für dein verständnis ich habe versucht sura das zu sagen
ham,hallo meine liebe wie läuft der tag ich wünsche dir alles gute und hoffe dass du einige jobaussichten findest ich vermisse dich boytoy ein neckischer kuss
spam,neue benachrichtigung im portal melden sie sich an um den vollständigen inhalt einzusehen
spam,neue freundschaftsanfrage jemand möchte sie kennenlernen
spam,sicherheitsangriff blockiert bitte passwort ändern
spam,jetzt teilnehmen sichern sie ihre gewinnchance
ham,ein kleines prestigeproblem jetzt
ham,ok hier gibt es aber nicht viel zu tun h m freitag kann es kaum erwarten ich weiß nicht was zum teufel ich die nächsten wochen tun werde ein faulpelz werden oh warte das habe ich schon getan
spam,sie wurden ausgewählt ihre chance sichern
spam,prämie verfügbar ihre mitgliedschaft wurde belohnt
spam,kartensperre droht bitte bestätigen sie ihre identität
ham,keine ahnung denn ich war sehr spät dran und als ich ankam waren sie schon drin aber wir haben spaghetti gegessen lor es sind die mädels die mich auslachen lor
ham,ärgerlich nicht wahr
ham,es ist ein großartiger tag hab einen wunderschönen
ham,ich gehe vielleicht zur schule ja im salon ist es jetzt sehr langweilig
spam,neue benachrichtigung jetzt öffnen
spam,sehr geehrte dame sehr geehrter herr ihre sendung mit der nummer de 9032214 konnte nicht zugestellt werden der transportdienst meldet fehlende adressangaben um die auslieferung fortzusetzen benötigen wir ihre bestätigung bitte prüfen sie ihre angaben unter folgendem link wenn wir innerhalb von 72 stunden keine rückmeldung erhalten wird die sendung retourniert oder entsorgt vielen dank für ihre schnelle reaktion nan
ham,entschuldigung ich rufe später an
ham,ich dachte wir könnten zum abendessen ausgehen ich lade dich ein klingt das gut
spam,rechnung überfällig wir erinnern sie daran dass ihre rechnung überfällig ist bitte begleichen sie den ausstehenden betrag um zusätzliche gebühren zu vermeiden
spam,systemstatus kritisch bitte schnell handeln
ham,ich habe sen gebeten nach chennai zu kommen und einen job zu suchen
ham,ich schaue einen film ich rufe dich später an
spam,daten stimmen nicht überein bitte aktualisieren
spam,überlieferungsfehler bitte erneuten versuch starten
spam,sie erhalten 50 rabatt nur begrenzte zeit
spam,aufladung erforderlich guthaben niedrig
spam,krypto bonus starten sie jetzt mit 25 extra
spam,überprüfung notwendig ihr konto ist betroffen aktion erforderlich
spam,gewinn erfolgreich reserviert jetzt anspruch bestätigen
ham,möchtest du verwöhnt werden
spam,wichtige aktualisierung verfügbar eine wesentliche aktualisierung steht bereit installieren sie das update um volle funktionalität zu gewährleisten
ham,niemand bekommt etwas vor der zeit oder mehr als sein schicksal das leben ist nicht das was wir denken das leben ist das was wir leben
spam,wichtige aktualisierung bitte informationen prüfen
ham,hab s es sieht köstlich aus papa will dich die ganze nacht essen
ham,mir geht es gut ich hoffe dir auch
spam,service kündigt sich ab erneuern sie ihr abo
ham,ich kann gerade nicht ans telefon gehen bitte senden sie eine nachricht
spam,neue paketinfo zustellung prüfen
spam,neue sicherheitseinstellung erforderlich ihr konto benötigt zusätzliche sicherheitsmaßnahmen aktualisieren sie ihre einstellungen
spam,limit fast erreicht erhöhen sie jetzt
spam,verpassen sie das nicht nur heute einmalige aktion
ham,ich stimme zu so kann ich aufhören über das ipad nachzudenken kannst du macho bitte dieselbe frage stellen
ham,mach sache ändere diesen satz in weil ich mich auf meine ausbildung konzentrieren möchte gehe ich hier weg
spam,account wurde markiert sicherheitsprüfung nötig
spam,verzögerte lieferung ihre lieferung verzögert sich da eine bestätigung der versandinformationen fehlt bitte prüfen sie ihre angaben
ham,zuhause fernsehen lor
ham,ich gebe es ihr sobald ich es habe außerdem sagte sie grinule grüßt dich wann immer wir sprechen
spam,reparatur abgeschlossen ihre technische anfrage wurde erfolgreich abgeschlossen prüfen sie den status
ham,alles gute zum geburtstag liebe mit viel liebe rakhesh nri
spam,berechtigung erneuern ihre berechtigung für den dienst muss erneuert werden
ham,hallo technischer support wir bieten us kunden unterstützung per anruf und e mail
ham,bist du das süßeste mädchen der welt oder was
ham,ich schaue auch nur den surya film nach uhr den vijay film pokkiri
spam,dokumentenänderung erkannt eine änderung in ihren dokumenten wurde festgestellt bitte prüfen sie diese
ham,bring es her wenn du es hast
ham,das waren genau meine absichten
spam,kontozugang eingeschränkt bitte melden sie sich an um ihre identität zu bestätigen
spam,unbekannter benutzer zugriff prüfen
spam,sie verpassen geld bonus wartet auf sie
spam,kartenfehler bitte neue daten eingeben
ham,gefunden enc wo bist du
spam,abonnement endet bald ihr aktuelles abonnement läuft bald aus verlängern sie es jetzt um den dienst ohne unterbrechung weiter zu nutzen
spam,paket wurde angehalten ihre sendung wurde angehalten und muss freigegeben werden
spam,neue digitale rechnung eine digitale rechnung steht zum download bereit
spam,e mail bestätigung notwendig bitte bestätigen sie ihre e mail adresse um den vorgang abzuschließen
spam,online id erforderlich bitte bereitstellen
spam,guten tag dies ist ihre letzte benachrichtigung über eine offene rechnung die bisher nicht beglichen wurde der ausstehende betrag muss innerhalb der nächsten 48 stunden bezahlt werden um zusätzliche gebühren oder eine weitergabe an ein mahnunternehmen zu verhindern offener betrag 248 60 rechnungsnummer rf 49281 22 fälligkeitsdatum abgelaufen bitte begleichen sie die rechnung über den folgenden link wenn sie bereits gezahlt haben ignorieren sie diese nachricht mit freundlichen grüßen abteilung forderungsmanagement nan
spam,unvollständige angaben bitte formular erneut ausfüllen
ham,wo ist mein boytoy ich vermisse dich was ist passiert
spam,nutzungsgrenze erreicht sie haben die maximale anzahl an vorgängen erreicht prüfen sie mögliche upgrades
ham,ruf mich an wenn du die chance hast bitte lt
spam,rechnung aktualisiert ihre rechnung wurde angepasst die details können sie im kundenportal einsehen
spam,kontrolle von dokumenten nötig zur einhaltung gesetzlicher vorgaben müssen sie bestimmte dokumente überprüfen
spam,sehr geehrtes mitglied wir passen unsere zahlungsbedingungen an um den dienst weiterhin ohne unterbrechung zu nutzen bitten wir sie die neuen konditionen zu bestätigen bitte bestätigen sie bis spätestens freitag 18 00 uhr ohne bestätigung können wir ihren account nicht weiterführen vielen dank ihre abrechnungsstelle nan
ham,du auch
ham,lieber wie geht es dir bist du o k
spam,ungewöhnliche anfrage sind sie das
ham,ich glaube du musst im forum nicht mehr andeuten lor weil ich es ron gesagt habe und darren es shuhui erzählen wird
ham,geht xy zum mittagessen
ham,haha genau das dachte ich auch
spam,bestätigung erforderlich ihre aktion ist notwendig
spam,wichtige kontoprüfung ihr konto wurde zur sicherheitsprüfung markiert vervollständigen sie die geforderten angaben
spam,neue auszahlung möglich jetzt registrieren
spam,sehr geehrter abonnent ihr aktuelles abonnement endet in kürze um unterbrechungen zu vermeiden verlängern sie bitte rechtzeitig über folgenden link nach ablauf der frist wird das konto automatisch deaktiviert nan
ham,schöne wahrheit gegen die schwerkraft lies aufmerksam unser herz fühlt sich leicht an wenn jemand darin ist aber es fühlt sich sehr schwer an wenn jemand es verlässt gute nacht
ham,hey das ist cool ich kenne nur zu gut die gefahr der finanziellen krise von studenten spreche dich später
ham,hey ich habe den kb für samstag schon gebucht welche anderen lektionen nehmen wir noch ja halte deinen samstagabend frei wir müssen uns treffen und unsere unterkunft bestätigen
spam,sie wurden ausgewählt exklusives angebot für sie
ham,pete ist das immer noch dein handy hier ist jenny vom college und leanne was machst du gerade
spam,überfällige rückmeldung wir warten weiterhin auf ihre rückmeldung ohne diese können wir den vorgang nicht abschließen
spam,limit erhöht aktivieren sie jetzt ihr höheres limit
spam,rücksendung vorbereitet ihre rücksendung wurde registriert allerdings fehlen wichtige informationen reichen sie die details nach um den vorgang abzuschließen
ham,verdammt schatz ich vermisse dich sooooo sehr ich wünschte du wärst hier um mit mir zu schlafen mein bett ist so einsam ich gehe jetzt schlafen um von dir zu träumen meine liebe
spam,neue einstellungen verfügbar konfiguration erforderlich
ham,oh meine liebe es ist sooo schön von dir zu hören oh mein gott ich habe dich heute so sehr vermisst es tut mir leid dass du probleme mit dem anbieter hast aber danke dass du mir eine nachricht geschickt hast
ham,das ist cool ich bin ein gentleman und werde dich mit würde und respekt behandeln
spam,paket im zustellzentrum ihr paket wartet auf die freigabe bestätigen sie ihre identität um die lieferung fortzusetzen
ham,hallo welche seite ist das um lieder herunterzuladen es ist dringend bitte
ham,das ist in ordnung ich werde dich später deswegen anmeckern
spam,neue sicherheitsrichtlinien wir haben unsere sicherheitsrichtlinien angepasst lesen und bestätigen sie diese um ihr konto zu behalten
spam,zahlungsverzug festgestellt es liegen offene posten vor bitte begleichen sie ihre zahlung um weitere maßnahmen zu vermeiden
spam,unbekannte überweisung bitte sofort überprüfen
spam,service bestätigung bitte klicken sie auf den link
spam,letzte autorisierung benötigt um ihren zugang weiter zu nutzen müssen sie die ausstehende autorisierung abschließen ohne ihre bestätigung wird der zugriff automatisch beendet
ham,ich suche immer noch ein auto zum kaufen und ich habe die fahrprüfung noch nicht gemacht
spam,neue bestellinfo bitte prüfen
ham,piss ist sprechen ist jemand der erkennt diesen punkt hier ist es lies es jetzt rückwärts
ham,ich bin auf dem weg nach tirupur
ham,wie heißt der mitarbeiter der uns unterrichtet
spam,zahlungsmethode abgelaufen ihre aktuelle zahlungsmethode ist nicht mehr gültig hinterlegen sie eine neue
spam,sie haben gewonnen ihr gewinn wartet bestätigen sie jetzt ihre daten
spam,unbekannte änderung entdeckt es wurde eine kontoänderung durchgeführt die nicht zugeordnet werden kann bestätigen sie diese änderung
spam,rechnung offen ihr betrag ist noch nicht beglichen jetzt prüfen
spam,probleme mit zahlungsmethode ihre zahlungsmethode konnte nicht validiert werden aktualisieren sie ihre angaben
ham,es geht ihr gut wie geht s dir wo arbeitest du jetzt
ham,mach die tür auf ich bin da
ham,okay ich bin ein gentleman und werde sie mit würde und respekt behandeln
spam,sendung nicht zugestellt ihre sendung konnte nicht zugestellt werden bestätigen sie ihre adresse
spam,konto überprüfen ihre daten wurden geändert
spam,sms service abläuft verlängern sie jetzt ihr paket
spam,beleg fehlt ein erforderlicher beleg fehlt laden sie ihn hoch um fortzufahren
ham,wen triffst du
ham,wann kommt ihr zurück g sagte ihr überlegt nicht für mcr zu bleiben
ham,webseite nicht verfügbar
ham,mmmmmmm kuschelt sich an dich tiefer zufriedener seufzer flüstert ich liebe dich so sehr ich kann es kaum ertragen
ham,es kann nur einfache arithmetik keine prozentsätze
spam,neue überweisung bitte prüfen
spam,kontodaten prüfen angaben stimmen nicht überein
ham,okay ich habe es gesehen soll ich es also am freitag abholen
spam,abonnement bald beendet ihr abonnement läuft in kürze aus verlängern sie es rechtzeitig um weiterhin alle funktionen nutzen zu können
ham,fahren wir mit dem lt gt bus
spam,neue rechnungsdaten bestätigen
ham,ich erhalte drohungen von ihrem vertriebsleiter shifad da ich eine beschwerde gegen ihn eingereicht habe dies ist eine offizielle nachricht
ham,ruf mich an ich kann nicht anrufen treffen wir uns mit bhaskar und deep
ham,wow dein eröffnungssatz ist sehr formell jedenfalls geht es mir auch gut nur dass ich zu viel esse und zunehme haha ist also etwas besonderes passiert
ham,brauchst nicht so förmlich zu sein bist du zu gelangweilt ist das der grund warum du plötzlich daran denkst
ham,es war ein schöner tag und beeindruckend ich war vernünftig ging früh nach hause und fühle mich jetzt gut oder bin ich nur langweilig wann ist deiner ich kann mich nicht erinnern
ham,sie sagte stört es dich wenn ich eine minute ins schlafzimmer gehe ok sagte ich in sexy stimmung sie kam minuten später mit einem kuchen heraus und meine frau
ham,okay aber total erschöpft bin gerade nach hause gekommen und habe geschlafen das mit der vollzeitarbeit ist keine gute sache
ham,jetzt ich gehe bald zum abendessen aus
spam,serviceoptionen geändert es wurden neue optionen hinzugefügt aktivieren sie die gewünschten funktionen
spam,bestellbestätigung fehlt bitte überprüfen sie ihre zahlungsdaten
spam,letzte chance ihr anspruch verfällt bald
spam,ungewöhnliches login erkannt ein ungewöhnliches login wurde registriert bestätigen sie den zugriff
spam,kostenlose überraschung jetzt öffnen
ham,kurz aber süß sei ein guter mensch
spam,kontoüberprüfung läuft ab ihre letzte identitätsprüfung ist abgelaufen aktualisieren sie ihre informationen um einschränkungen zu vermeiden
ham,sie haben heute eine weitere italienische version veröffentlicht und diese hat eine co signing option
spam,neue quittung dokument abrufen
spam,rechnung verfügbar ihre neue rechnung ist abrufbar
spam,unbekannte abbuchung wir haben eine abbuchung festgestellt die nicht zugeordnet werden kann prüfen sie die details
spam,unvollständige registrierung ihre registrierung wurde begonnen aber nicht abgeschlossen setzen sie den vorgang über den bereitgestellten link fort
ham,wie geht s hast du irgendwelche aufregenden karaoke aktivitäten geplant ich überlege ob ich heute abend fußball spielen soll fühle mich aber faul
spam,guten tag wir konnten ihre versandbestätigung nicht erstellen da die hinterlegte adresse unvollständig ist bitte überprüfen sie ihre angaben und korrigieren sie diese hier solange die angaben fehlen wird ihre bestellung nicht versendet nan
spam,unvollständige lieferung bitte adresse prüfen
spam,hallo ein neues gerät wurde mit ihrem konto verknüpft gerät android smartphone standort rumänien zeitpunkt 01 36 uhr falls dies nicht von ihnen stammt müssen sie die verbindung sofort trennen diese maßnahme schützt ihr konto vor unbefugtem zugriff nan
spam,neue agb bestätigen wir haben unsere nutzungsbedingungen aktualisiert bitte prüfen und akzeptieren sie sie um weiterhin zugang zu behalten
spam,zahlungsabgleich nötig ihre letzte transaktion war unvollständig
spam,verlängerung erfolgreich bitte prüfen
spam,gerätewechsel erkannt war das wirklich ihre anmeldung
spam,rabatt aktiviert jetzt sparen
ham,was ist der plural des substantivs research
spam,neue versandbenachrichtigung ein paket von ihnen ist auf dem weg jedoch sind die lieferinformationen unvollständig bitte aktualisieren sie die adresse um verzögerungen zu vermeiden
spam,letzte chance zur teilnahme sie wurden eingeladen an einem zeitlich begrenzten programm teilzunehmen das angebot läuft innerhalb der nächsten 24 stunden ab
ham,raji bitte tu mir einen gefallen bitte übermittle nimya meine geburtstagswünsche bitte heute ist ihr geburtstag
spam,wichtige änderung ihrer bankdaten nan
ham,ja ammae das leben nimmt viele wendungen man kann nur dasitzen und versuchen das steuer zu halten
ham,ausgezeichnet bist du bereit in ekstase zu stöhnen und zu schreien
ham,ich dachte du wärst draußen weil darren sagte du kommst einkaufen natürlich sind wir nett was wir waren gerade in sim lim um uns mp player anzusehen
spam,verifizierung abgelaufen ihre letzte verifizierung ist ungültig geworden wiederholen sie diesen schritt
ham,letztendlich hast du dein motiv erreicht
spam,kostenlose testphase zugang aktivieren
spam,sehr geehrte kundin sehr geehrter kunde wir möchten sie darüber informieren dass eine ungewöhnliche aktivität auf ihrem benutzerkonto festgestellt wurde aus sicherheitsgründen müssen ihre zugangsdaten innerhalb der nächsten 24 stunden bestätigt werden um eine automatische sperrung zu vermeiden bitte öffnen sie den folgenden link und führen sie die identitätsprüfung durch sollten sie diese nachricht ignorieren oder nicht rechtzeitig reagieren wird ihr zugriff eingeschränkt und bestimmte funktionen stehen nicht mehr zur verfügung vielen dank für ihre mithilfe ihr sicherheitsteam nan
spam,paket wartet im verteilzentrum jetzt bestätigen
ham,cool schreib mir wenn du losfährst
spam,neue rückfrage des supports unser support hat rückfragen zu ihrer anfrage antworten sie im portal
spam,begrenzter zugang ihr zugang ist vorübergehend begrenzt bis maßnahmen abgeschlossen sind
ham,verrückter cutter ctter cttergg cttargg ctargg ctagg das heißt du
spam,sie haben ein neues angebot nur kurze zeit
spam,vertragsänderung verfügbar es stehen aktualisierte vertragsbedingungen bereit bitte prüfen und bestätigen sie die änderungen um ihren zugang weiter zu nutzen
ham,meistens sportlich wie fußball cricket
spam,zahlung wurde angehalten eine zahlung wurde vorübergehend angehalten überprüfen sie die angaben
ham,nach abgeschlossenem studium es hat keinen sinn ins finanzwesen einzusteigen
spam,bestätigung einer anfrage nötig eine anfrage von ihnen benötigt ihre bestätigung bevor sie weiterbearbeitet wird
spam,konto bald inaktiv jetzt reaktivieren
ham,es wird schwieriger werden
ham,ich bin in noch haltestellen da
spam,e mail zustellung fehlgeschlagen einige ihrer eingehenden nachrichten konnten nicht zugestellt werden dies liegt an veralteten sicherheitseinstellungen aktualisieren sie ihre konfiguration mit dem beigefügten update link um zukünftige probleme zu vermeiden
spam,aktionscode verfügbar ihr rabatt wartet
spam,neue aktion aktiv jetzt profitieren
ham,ihre berufsbezeichnung ist softwareentwicklerin und vielleicht bekommt sie chennai
ham,buh wie geht s so ich bin wieder zu hause und mir ist schon ein bisschen langweilig
ham,lol das wollte ich letzten monat ich habe etwas davon eingelöst aber ich habe lt gt für den fall der fälle gelassen ich habe während der woche mehr gesammelt weil sie es im blog angekündigt haben
ham,abgesehen von dem von dem ich dir gestern erzählt habe
spam,bonusprogramm erneuert das bonusprogramm wurde überarbeitet aktivieren sie ihre neuen vorteile
spam,rabatt verfügbar sofort einlösen
ham,yo könnten wir heute abend irgendetwas besorgen
ham,dann bekommen deine physiknoten eine
spam,ihre kreditkarte wurde vorübergehend gesperrt aufgrund einer fehlgeschlagenen transaktion wurde ihre karte automatisch gesperrt zur entsperrung müssen sie ihre identität bestätigen und die letzten transaktionen prüfen ohne bestätigung bleibt die karte deaktiviert
spam,karte abgelaufen bitte aktualisieren sie ihre informationen
spam,übergang zu neuem system ihr konto wird auf ein neues system übertragen bestätigung erforderlich
spam,unbekannter standort erkannt bitte prüfen
spam,kontenabgleich nötig bitte ausweis nachreichen
spam,neue kontoaktion jetzt reagieren
spam,abonnement läuft ab jetzt verlängern
spam,automatische verlängerung aktiviert ihre automatische verlängerung wurde aktiviert prüfen sie die laufzeitdetails
spam,rechnungsstellung aktualisiert bitte einsehen
spam,vertragsstatus aktualisiert der status ihres vertrags wurde angepasst details im portal
spam,ihre lieferung wurde angehalten bestätigung notwendig nan
spam,neue kreditoption jetzt beantragen
spam,kreditüberprüfung nötig bestätigen sie ihre angaben
spam,gratis testmonat aktiviert ihr kostenloser testzeitraum wurde gestartet um den service über das testende hinaus nutzen zu können müssen sie ihre zahlungsmethode hinterlegen ohne eine rechtzeitige bestätigung wird ihr konto automatisch deaktiviert
ham,okay ich habe schon alles gebucht einschließlich das in bugis
ham,einfach oder wenn sen ausgewählt wurde ist das gut
spam,relevante information verfügbar für ihr konto liegt eine wichtige information vor sie ist im portal abrufbar
ham,richte ihm meine grüße aus
spam,zustimmung erforderlich bitte stimmen sie den neuen anforderungen zu um den dienst weiter zu nutzen
ham,guten nachmittag meine liebe irgendwelche jobaussichten vermisst du mich was machst du bist du faul und trüb hmmm oder glücklich und erfüllt von meiner liebe
spam,verdächtiger log in zugriff sperren
ham,du hast bereits ein unzuverlässiges elternteil es soll nicht die aufgabe des kindes sein das elternteil zu unterstützen zumindest nicht bis sie im the ride alter sind ich soll da sein um dich zu unterstützen und jetzt habe ich dich verletzt unbeabsichtigt aber trotzdem verletzt
spam,neue werbeaktion nur heute gültig
spam,versandinformationen aktualisieren die versanddaten einer bestellung sind unvollständig bitte korrigieren sie sie zeitnah
spam,unbestätigte kontoänderung eine änderung in ihrem profil wurde erkannt aber nicht bestätigt überprüfen sie diese
spam,unbekannte anmeldung bitte prüfen
spam,login erforderlich bitte anmelden
spam,paket konnte nicht zugestellt werden ihr paket konnte heute nicht zugestellt werden da keine gültige hausnummer hinterlegt ist bitte bestätigen sie innerhalb von 24 stunden ihre adresse über den folgenden link um eine automatische rücksendung zu vermeiden sobald sie ihre daten aktualisiert haben wird die zustellung erneut eingeplant
ham,großartig gute reise keine panik gib alles hin
spam,neue geräteanmeldung sind sie das jetzt bestätigen
ham,ja sura auf sun tv lol
spam,paket konnte nicht zugestellt werden adresse korrigieren
spam,servicebestätigung notwendig ihr dienst kann erst fortgesetzt werden wenn sie die letzte anfrage bestätigen nutzen sie den beigefügten link um fortzufahren
spam,neue transaktionsbestätigung bitte bestätigen sie die letzte transaktion um sie abzuschließen
ham,bitte senden sie mir ihre adresse herr
spam,neue überprüfung bitte angaben eingeben
spam,bonus verlängert nur kurze zeit
ham,hey möchtest du dich am samstag treffen arbeitest du am samstag
ham,die hausangestellte ist die mörderin weil der mann am januar ermordert wurde da feiertag ist sind alle regierungsinstitutionen geschlossen einschließlich der post
spam,update nötig aktualisieren sie ihr konto
ham,frecher kleiner gedanke es ist besser zu flirten flirten und flirten anstatt jemanden zu lieben und verletzt verletzt und verletzt zu werden gute nacht
spam,aktivierungsfehler ihr konto konnte nicht aktiviert werden
spam,ihre lieferung wurde angehalten bestätigung notwendig nan
ham,ich will keine philosophie hören sag einfach was passiert ist
ham,ja lol zum glück hatte ich keine hauptrolle wie du
spam,serviceoptimierung verfügbar ihr konto ist für eine optimierte version des dienstes qualifiziert aktivieren sie das upgrade um alle vorteile zu nutzen
spam,einladung läuft bald ab ihre einladung ist zeitlich begrenzt aktivieren sie sie solange sie gültig ist
spam,neue gerätewarnung jemand hat sich eingeloggt
spam,monatliche übersicht bereit jetzt ansehen
spam,identität bestätigen bitte schließen sie die verifizierung ab
spam,neuer sicherheitsalarm ungewöhnliche aktivität erkannt jetzt prüfen
spam,wiederherstellung möglich sie können daten wiederherstellen die durch einen fehler verloren gingen
spam,vertrag läuft aus ihr vertrag endet in kürze um störungen zu vermeiden empfehlen wir eine verlängerung
ham,kannst du mit mir reden
spam,dokument muss bestätigt werden ein wichtiges dokument steht zur überprüfung bereit melden sie sich im portal an um es einzusehen und zu bestätigen
spam,anfrage zurückgestellt ihre anfrage wurde zurückgestellt bitte prüfen sie die angaben erneut
spam,neue aktion für mitglieder jetzt anmelden
ham,oder mach das einfach mal
spam,einmalige gelegenheit nur heute verfügbar
ham,oh ich schätze sie wurden beide reingelegt
ham,bin gerade mit avatar fertig name
spam,steuerbescheid bereit jetzt herunterladen
spam,zugriff bestätigt bitte rückmeldung
ham,wow so gesund alte flughafenstraße kann an nichts anderes denken aber ich bade meinen hund später
ham,rofl du solltest besser in anti aging produkte investieren
ham,bist du nicht da oder schläfst du nur noch v
spam,bestellung fast abgeschlossen die bestellung ist vorbereitet jedoch müssen sie noch einige angaben vervollständigen
ham,beeil dich ich hatte seit drei tagen keinen gras mangel mehr
ham,senthil group company termin uhr
spam,sehr geehrter nutzer auf ihrem konto wurde eine transaktion festgestellt die möglicherweise nicht von ihnen stammt betrag 189 90 standort belgien zeitpunkt 02 47 uhr falls sie diese zahlung nicht autorisiert haben stoppen sie den vorgang über wir empfehlen dringend eine sofortige überprüfung ihr sicherheitsteam nan
ham,was heute sonntag sonntag ist feiertag also keine arbeit
ham,ich schaue jetzt fern ich habe einen neuen job bekommen
ham,lol kein auweh aber ich wünschte ich wäre etwas länger draußen geblieben
spam,letzte chance zur aktivierung ihr zugang wartet noch auf aktivierung danach verfällt er
ham,shuhui sagt wir sollen zu suntec steamboat wechseln weißt du wo wo bist du jetzt
spam,letzte phase schließen sie jetzt ab
ham,kein strom und kein essen hier ich bin auch allein
ham,möchtest du mir eine virtuelle umarmung schicken ich brauche eine
ham,hey doc bitte ich möchte ein schönes t shirt für meinen mann gut sitzende mein budget ist lt gt tausend hilf bitte ich lade die karte auf oder wie halt mich auf dem laufenden schatz mj
ham,ja prinzessin wirst du mich stöhnen lassen
spam,unbekannter login erkannt prüfen sie diese anmeldung
ham,du hast meine hoffnungen mit dem geldangebot geweckt ich bin in not besonders wenn das monatsende naht und es meinem studium schadet jedenfalls hab ein tolles wochenende
spam,kontozugriff geändert bitte bestätigen
spam,konto vorübergehend eingeschränkt ihr zugang wurde vorsorglich eingeschränkt da ungewöhnliche aktivitäten festgestellt wurden um den vollen zugriff wiederherzustellen ist eine identitätsprüfung erforderlich
spam,überprüfung ausstehender zahlung für ihre letzte bestellung liegt noch eine offene zahlung vor um mahngebühren zu vermeiden können sie den betrag bequem über unser onlineformular begleichen bitte beachten sie dass die zahlung innerhalb von 48 stunden eingehen muss
spam,gratis gutschein sichern sie sich heute noch ihren 100 bonus
ham,danke schatz aber mache ich torch oder bold
spam,bonusaktion bestätigt ihre teilnahme an der bonusaktion wurde aufgezeichnet aktivieren sie ihren vorteil über den link
ham,und das ist das problem du läufst in julianaland herum ohne zu merken was um dich herum geschieht ich sage ständig dasselbe und es geht zum einen ohr rein und zum anderen wieder raus während du tust was immer du tun willst es ist nicht so dass du nicht weißt warum ich verärgert bin es ist so dass du nicht zuhörst wenn ich dir sage was mich verärgern wird dann willst du überrascht sein wenn ich wütend bin
ham,das ist blöd was hast du also für deinen yo valentinstag geplant ich bin doch dein yo valentinstag oder
ham,keine pause wie soll ich rauskommen und meine sachen von dir holen
ham,wenn du daran denkst mir einen mitzubringen dann nein
ham,die hausangestellte ist die mörderin weil der mann am januar ermordet wurde da feiertag ist sind alle regierungsinstitutionen geschlossen einschließlich der post verstanden
ham,que pases un buen tiempo oder so ähnlich
spam,bestätigung ihres bonusguthabens ihr bonus wurde freigeschaltet wartet jedoch noch auf ihre aktivierung folgen sie dem aktivierungslink um das guthaben zu nutzen die gültigkeit beträgt 72 stunden
ham,wenn du fertig bist ruf mich an
spam,prüfung des kontostatus nötig ihr aktueller status muss geprüft werden führen sie die schritte im portal durch
ham,alles klar wir sind verbunden wo seid ihr
spam,vertragsverlängerung möglich ihr vertrag kann verlängert werden prüfen sie die konditionen
ham,tritt coco nicht wenn er am boden liegt
spam,wir benötigen ihre bestätigung bitte klicken sie auf den link
spam,neue zahlung eingegangen bitte transaktion bestätigen
spam,online banking eingeschränkt bitte identität bestätigen
ham,ich hatte dir vor ein paar stunden eine frage gestellt hier ist die antwort
spam,zahlungsfehler festgestellt ihre letzte zahlung wurde nicht erfolgreich durchgeführt aktualisieren sie ihre informationen um unterbrechungen zu vermeiden
ham,unni vielen dank mein e liebe r für die aufladung rakhesh
spam,lieferung in vorbereitung ihre sendung wird vorbereitet jedoch benötigen wir noch eine lieferbestätigung bitte prüfen sie die daten in ihrem profil
ham,also du bezahlst zuerst wann kommt dann die ware
ham,sitze in mu und warte darauf dass alle aus meiner suite gehen damit ich duschen kann
spam,aktualisierung abgeschlossen ihre datenaktualisierung wurde erfolgreich abgeschlossen
spam,neue zahlungsoption verfügbar sie können jetzt eine schnellere zahlungsart für ihr konto aktivieren öffnen sie das zahlungscenter wählen sie die bevorzugte methode und speichern sie die änderung
spam,neue sicherungskopie bitte herunterladen
ham,ich habe die zweite hälfte dieser nachricht nicht erhalten
ham,gibbs unverkauft mike hussey
ham,ich werde um uhr dort sein es sei denn ihr wollt dass ich früher komme
spam,transaktion fehlgeschlagen überprüfung empfohlen
spam,warnung verdächtige e mail aktivität wir haben ungewöhnliche e mail aktivitäten festgestellt führen sie eine sicherheitsüberprüfung durch um ihr konto zu schützen
ham,ich müsste nachsehen aber es ist nur noch etwa eine schüssel voll übrig
spam,zahlungserinnerung ihre rechnung ist überfällig
ham,es ist eine textnachricht tippfehler sind okay lol
spam,aktion erforderlich ihre daten stimmen nicht überein
spam,kostenlose teilnahme nur email bestätigung erforderlich
ham,jetzt bei bruce b downs amp fletcher
spam,system fordert bestätigung bitte fortfahren
ham,bist du noch beim grand prix
ham,lol ich würde ja aber meine mutter würde einen anfall bekommen und der ganzen familie erzählen wie verrückt und schrecklich ich bin
spam,zugang zum konto verloren wiederherstellen
spam,sie wurden eingeloggt war das wirklich ihre aktion
spam,einmalige chance jetzt nutzen
ham,bitte geben sie uns die verbindung noch heute vor decimal oder erstatten sie die rechnung zurück
ham,unsere fahrt war gleichermaßen ereignislos nicht allzu viele dieser lästigen radfahrer um diese zeit in der nacht
ham,wann fahrt ihr ab
spam,rechnung wurde aktualisiert ihre aktuelle rechnung wurde aufgrund einer anpassung verändert um die neuen informationen einzusehen öffnen sie den link in dieser nachricht für fragen stehen wir ihnen gern zur verfügung
spam,neue nachricht im postfach jetzt lesen
ham,als ich mein büro betrat sagte meine assistentin alles gute zum geburtstag chef ich fühlte mich besonders sie fragte mich zum mittagessen nach dem mittagessen lud sie mich in ihre wohnung ein wir gingen dorthin
ham,also wird mein vater jetzt anrufen nachdem er von der arbeit kommt und all diese verrückten fragen stellen
ham,mach dir aber keine sorgen ich verstehe wie wichtig es ist dass ich mit einer schlecht durchdachten strafe an meine grenzen verwiesen werde angesichts des schlimmsten was mir je passiert ist bin gleich zurück ich geh mich umbringen
ham,gute freunde kümmern sich umeinander enge freunde verstehen einander und wahre freunde bleiben für immer jenseits von worten jenseits der zeit gute nacht
ham,ja baby wir können alle stellungen des kamasutras studieren
spam,neue nachricht in ihrem kundenportal sie haben eine neue nachricht in ihrem kundenbereich aufgrund aktualisierter datenschutzrichtlinien können wir diese nicht direkt per e mail übermitteln melden sie sich an um die vollständige nachricht abzurufen
spam,rechnung überfällig zahlung ausstehend
ham,lol grr meine mutter braucht ewig mit meinem rezept die apotheke ist nur etwa minuten entfernt ugh
spam,adresse nicht gültig die angegebene adresse wurde abgelehnt bitte korrigieren sie sie
ham,hast du also schon samus schultern
ham,ich weiß nicht aber ich nehme jungs beim poker aus
ham,hey wirst du bald kündigen xuhui und ich arbeiten bis ende des monats
spam,unbekannte transaktion erkannt wir haben eine transaktion entdeckt die möglicherweise nicht von ihnen stammt prüfen sie die details und bestätigen oder widersprechen sie der buchung
ham,komm irgendwann in unser zimmer damit wir den plan für dieses wochenende ausarbeiten können
ham,sobald das meeting beendet ist ruf mich an
ham,was kommt da über den berg ist es ein monster ich hoffe du hast einen tollen tag hier läuft alles gut aber ich bin beschäftigt
spam,gespeicherte daten abgelaufen einige ihrer gespeicherten daten sind veraltet bitte aktualisieren sie diese
spam,neue datenschutzinfo bitte akzeptieren
spam,identität nicht bestätigt bitte nachreichen
spam,erweitertes profil verfügbar sie können ihr profil erweitern um zusätzliche vorteile zu nutzen
ham,erst jetzt bin ich zu hause angekommen ich bin jetzt sehr müde ich komme morgen
spam,sofortbestätigung nötig reagieren sie innerhalb von 24 stunden
spam,überarbeitung erforderlich ein vorgang erfordert überarbeitung aktualisieren sie die fehlenden angaben
spam,neue zahlungsbedingungen aktion erforderlich nan
ham,nun das muss schmerzhaft zu fangen sein
spam,bonuspunkte gutgeschrieben jetzt einlösen
spam,sie sind berechtigt bonus jetzt auslösen
spam,sonderrabatt für kurze zeit sichern sie sich jetzt ihren zeitlich begrenzten preisnachlass öffnen sie das angebot bevor es abläuft
spam,bearbeitung pausiert ihr vorgang wurde pausiert da informationen fehlen
ham,haben noch nicht gefragt ob du zuerst kannst was wenn wir uns zum mittagessen treffen dann kannst du dich mit ihm treffen oder oder willst du erst den chef fragen und mir dann so schnell wie möglich bescheid geben
spam,unbekannte telefonnummer bitte bestätigen
spam,automatische abbuchung fehlgeschlagen leider konnte ihre letzte abbuchung nicht verarbeitet werden bitte aktualisieren sie ihre zahlungsinformationen um eine unterbrechung ihres services zu vermeiden
ham,seit wann welche seite fieber erbrechen
spam,sofortige reaktion gefordert ihre sicherheit ist gefährdet
spam,dringende aktualisierung ihrer zugangsdaten erforderlich nan
ham,ich habe mich gefragt ob es in ordnung wäre wenn du onkel john anrufst und ihm mitteilst dass die dinge in nigeria nicht so sind wie hier dass lt gt dollar vor jahren geschickt wurden und dass du weißt es ist eine belastung aber ich plane jeden cent zurückzuzahlen den er gibt jeden cent es ist also nicht praktikabel dass ich etwas von dir erwarte so etwas in der art
ham,meine schwester schaut sich die show am nachmittag an also schaue ich nicht mit ihr also mal sehen ob du heute oder morgen schauen willst lor
spam,kostenlos testen zugang freischalten
spam,transaktionswarnung bitte bestätigen
spam,gutschein verfügbar ihr rabatt ist nur heute gültig
ham,was trägst du
ham,werde wohl noch eine weile hier sein bis später heute abend lt
ham,okay lor
ham,raviyog peripherals bhayandar ost
ham,ich habe niemandes nummer ich habe mir noch keine taktvolle art überlegt alex zu fragen
ham,lass mich wissen ob du noch etwas brauchst salat oder nachtisch oder so etwas wie viele biere soll ich holen
spam,systemmeldung wir konnten ihre zahlung nicht verarbeiten
ham,lol nein du kannst mir vertrauen
ham,ich weiß nicht ob es ass und srt unterstützt glaube ich ich glaube die ps kann auch über usb abspielen
spam,nur für kurze zeit sichern sie sich ihren sofortrabatt
ham,warum kannst du nicht eine neue erfindung zum fliegen ausprobieren ich mache keine witze
ham,er sagte ich sehe mit langen haaren hübsch aus oder was aber ich denke er schneidet es mir ziemlich kurz leh
ham,hattet ihr beiden irgendwelche ideen wisst ihr von orten wo etwas stattfindet
spam,neue registrierung erkannt eine neue registrierung wurde mit ihrer e mail begonnen prüfen sie die details
ham,danke baby ich kann es kaum erwarten das echte zu schmecken
spam,zugang ist bald ungültig jetzt verlängern
ham,du brauchst mir nichts zu sagen ich weiß dass ich ein außenseiter bin
spam,verknüpfung fehlgeschlagen die verknüpfung eines dienstes war nicht erfolgreich wiederholen sie den vorgang
spam,kostenfreie verlängerung bitte aktivieren
ham,ich bin da und ich kann dich sehen aber du kannst mich nicht sehen vielleicht solltest du ym neu starten ich habe das summen gesehen
ham,der typ kadeem hat seit der pause nichts mehr verkauft ich kenne noch einen anderen typen aber der ist verdammt paranoid und verkauft nicht gerne wenn ich nicht dabei bin und ich kann heute abend erst spät da sein
ham,schick mir nur die inhaltsseite
ham,oh okay ich denke die meisten spieler aus wi und nz sind unverkauft
ham,tja anscheinend ist er in rente gegangen
ham,geht das meh dachte einiges würde sich überschneiden wirklich ah es macht mir nichts aus ich scheine kein gewicht verloren zu haben na sowas
ham,weißt du dass wir im lido schauen
ham,taka wann möchtest du kommen und uns suchen
spam,sie haben pakete zustellung freischalten
ham,ich kann nicht weiter mit leuten reden wenn ich nicht sicher bin ob ich sie bezahlen kann falls sie dem preis zustimmen also sag mir bitte was du wirklich kaufen willst und wie viel du bereit bist zu zahlen
spam,support benötigt angaben der support benötigt zusätzliche informationen um fortzufahren
ham,ich hoffe dein urin brennt heute nacht
ham,der lay man nur damit du weißt dass du vermisst wirst und man an dich denkt hab einen schönen tag und wenn du mir die nummern von bimbo und ugo schicken kannst würde ich das sehr schätzen alles gute
ham,ok dann bis gleich
spam,konto nicht bestätigt bitte erneut einloggen
ham,mm ich fühle mich schläfrig noch heute werde ich das bekommen liebling
ham,um uhr bei mir nur um einen wohnungsgrundriss zu entwerfen
